{"cameraMode":{"drawMode":0,"name":"Shaded","section":"Shading Mode"},"sceneLighting":true,"audioPlay":false,"sceneViewState":{"showFog":true,"showMaterialUpdate":false,"showSkybox":true,"showFlares":true,"showImageEffects":true,"showParticleSystems":true},"in2DMode":false,"pivot":{"x":-5.570355415344238,"y":6.0280842781066898,"z":9.314187049865723},"rotation":{"x":0.06620664149522782,"y":-0.04071847349405289,"z":0.0027032012585550548,"w":0.9969778060913086},"size":11.851537704467774,"orthographic":false}