{"cameraMode":{"drawMode":0,"name":"Shaded","section":"Shading Mode"},"sceneLighting":true,"audioPlay":false,"sceneViewState":{"showFog":true,"showMaterialUpdate":false,"showSkybox":true,"showFlares":true,"showImageEffects":true,"showParticleSystems":true},"in2DMode":false,"pivot":{"x":-0.01978762447834015,"y":-0.7318506240844727,"z":0.13898992538452149},"rotation":{"x":0.32120075821876528,"y":-0.013681472279131413,"z":0.004643927328288555,"w":0.946914792060852},"size":6.025877475738525,"orthographic":false}