{"cameraMode":{"drawMode":0,"name":"Shaded","section":"Shading Mode"},"sceneLighting":true,"audioPlay":false,"sceneViewState":{"showFog":true,"showMaterialUpdate":false,"showSkybox":true,"showFlares":true,"showImageEffects":true,"showParticleSystems":true},"in2DMode":false,"pivot":{"x":4.099691390991211,"y":-4.6835832595825199,"z":10.81748104095459},"rotation":{"x":0.20398494601249696,"y":0.16701629757881165,"z":-0.03533593565225601,"w":0.9639875292778015},"size":20.81511688232422,"orthographic":false}