{"cameraMode":{"drawMode":0,"name":"Shaded","section":"Shading Mode"},"sceneLighting":true,"audioPlay":false,"sceneViewState":{"showFog":true,"showMaterialUpdate":false,"showSkybox":true,"showFlares":true,"showImageEffects":true,"showParticleSystems":true},"in2DMode":false,"pivot":{"x":-1.1374130249023438,"y":2.629807949066162,"z":13.313980102539063},"rotation":{"x":0.04311944544315338,"y":0.12441452592611313,"z":0.0054140398278832439,"w":-0.9912837743759155},"size":6.9712233543396,"orthographic":false}